{
  "project_info": {
    "project_number": "287120783897",
    "project_id": "g2c-db-fe509",
    "storage_bucket": "g2c-db-fe509.appspot.com"
  },
  "client": [
    {
      "client_info": {
        "mobilesdk_app_id": "1:287120783897:android:8270f2d5bd21454f8b8888",
        "android_client_info": {
          "package_name": "com.gyanhub.g2c"
        }
      },
      "oauth_client": [
        {
          "client_id": "287120783897-lgkbvq5mua8sdsamh1hh6b2etun5aont.apps.googleusercontent.com",
          "client_type": 3
        }
      ],
      "api_key": [
        {
          "current_key": "AIzaSyBgFbD_wksbpIEF1WSdq_Emn4TAGVUzYUs"
        }
      ],
      "services": {
        "appinvite_service": {
          "other_platform_oauth_client": [
            {
              "client_id": "287120783897-lgkbvq5mua8sdsamh1hh6b2etun5aont.apps.googleusercontent.com",
              "client_type": 3
            }
          ]
        }
      }
    }
  ],
  "configuration_version": "1"
}